study,method,step,rms,linf,observed_order
periodic_spatial,upwind_semidiscrete,0.0625,0.016301097324941838,0.022176411104723792,
periodic_spatial,upwind_semidiscrete,0.03125,0.009151401909473547,0.012789508387762938,0.8329044113366127
periodic_spatial,upwind_semidiscrete,0.015625,0.004873884585977716,0.006865092613934531,0.9089206794413218
periodic_spatial,upwind_semidiscrete,0.0078125,0.0025180817411847604,0.0035558325871712926,0.9527469721844274
periodic_temporal,advection_explicit,0.025,0.009417739000404032,0.013721128244769787,
periodic_temporal,advection_explicit,0.0125,0.0046288393442517894,0.006798550861434993,1.024730249831034
periodic_temporal,advection_explicit,0.00625,0.002298115779284607,0.0033886520831530875,1.0101990081410122
periodic_temporal,advection_explicit,0.003125,0.0011454258461362134,0.0016922679953939035,1.0045674200687709
source_temporal,explicit_euler,0.05,0.0061728525667269045,0.008033844107102617,
source_temporal,explicit_euler,0.025,0.003085660561184969,0.004012343466179846,1.00035796761228
source_temporal,explicit_euler,0.0125,0.0015426409357750667,0.0020050359335326284,1.000177066522611
source_temporal,explicit_euler,0.00625,0.0007712733892680685,0.0010022351120224648,1.0000880595894246
source_temporal,backward_euler,0.05,0.006166858019912914,0.007997773862625568,
source_temporal,backward_euler,0.025,0.003084162147818176,0.0040033266754777586,0.9996570154099665
source_temporal,backward_euler,0.0125,0.00154226634638977,0.002002781784002483,0.9998266786110699
source_temporal,backward_euler,0.00625,0.0007711797427964563,0.0010016715776557383,0.9999128766509482
source_temporal,crank_nicolson,0.05,3.5269308898550524e-06,4.945161893976646e-06,
source_temporal,crank_nicolson,0.025,8.817126350212867e-07,1.2362623107442516e-06,2.0000328675379966
source_temporal,crank_nicolson,0.0125,2.204269033723018e-07,3.0906382120221565e-07,2.0000082164639257
source_temporal,crank_nicolson,0.00625,5.510664584636853e-08,7.726585327105795e-08,2.0000020943166987
open_uniform_field,advection_explicit,0.025,3.4219371797089426e-16,6.661338147750939e-16,
open_uniform_field,advection_explicit,0.0125,7.482002654159891e-16,1.1102230246251565e-15,
open_uniform_field,advection_explicit,0.00625,2.6925292741197927e-15,4.6629367034256575e-15,
open_uniform_field,imex_euler,0.025,1.2083508135077231e-15,2.6645352591003757e-15,
open_uniform_field,imex_euler,0.0125,1.147976333936973e-15,3.774758283725532e-15,
open_uniform_field,imex_euler,0.00625,4.485653675477057e-15,1.176836406102666e-14,
