case,lambda,grid_nx,grid_ny,dt_s,snapshot_s,selected,reference_minimizers,nodal_linf,reference_regret_s,candidate_regret_bound_s,graph_regret_bound_s,index,edge_indices,edge_identities,travel_time_s,reference_exposure,approximate_exposure,reference_cost_s,approximate_cost_s,objective_error_bound_s
large_error_same_route,0.2,8,8,3000.0,3000.0,1,[1],0.07262940363140413,0.0,26.102451853239472,26.10245185323936,0,"[0, 1, 2]","[[""s"", ""u0"", 0], [""u0"", ""u1"", 0], [""u1"", ""t"", 0]]",1000.0000000000001,658.5830208168614,613.8386303675372,1131.7166041633725,1122.7677260735077,16.68507569545728
large_error_same_route,0.2,8,8,3000.0,3000.0,1,[1],0.07262940363140413,0.0,26.102451853239472,26.10245185323936,1,"[3, 4, 5]","[[""s"", ""l0"", 0], [""l0"", ""l1"", 0], [""l1"", ""t"", 0]]",785.7142857142857,948.0757363370125,968.2432253816896,975.3294329816881,979.3629307906236,13.051225926619686
small_error_wrong_route,0.40188211187882716,32,32,10.0,1000.0,1,[0],0.00027479471373492714,0.05957564701452611,0.8491910560467204,0.8491910560469478,0,"[0, 1, 2]","[[""s"", ""u0"", 0], [""u0"", ""u1"", 0], [""u1"", ""t"", 0]]",1000.0000000000001,493.31540006512057,493.44810166483484,1198.2546348005194,1198.3079651996622,0.5128676723100045
small_error_wrong_route,0.40188211187882716,32,32,10.0,1000.0,1,[0],0.00027479471373492714,0.05957564701452611,0.8491910560467204,0.8491910560469478,1,"[3, 4, 5]","[[""s"", ""l0"", 0], [""l0"", ""l1"", 0], [""l1"", ""t"", 0]]",785.7142857142857,1026.6690468115503,1026.5053475949246,1198.314210447534,1198.2484226606434,0.3958659227555526
reference_tie,0.4017704117950683,8,8,100.0,1000.0,1,"[0, 1]",0.0033712288123153578,0.0,11.895262707118945,11.895262707118945,0,"[0, 1, 2]","[[""s"", ""u0"", 0], [""u0"", ""u1"", 0], [""u1"", ""t"", 0]]",1000.0000000000001,493.31540006512057,495.4854904071914,1198.1995314290125,1199.0714095193787,7.791591817546147
reference_tie,0.4017704117950683,8,8,100.0,1000.0,1,"[0, 1]",0.0033712288123153578,0.0,11.895262707118945,11.895262707118945,1,"[3, 4, 5]","[[""s"", ""l0"", 0], [""l0"", ""l1"", 0], [""l1"", ""t"", 0]]",785.7142857142857,1026.6690468115503,1024.1858308365802,1198.1995314290125,1197.2018487241726,5.947631353559542
reference_near_tie,0.4017704158127724,8,8,100.0,1000.0,1,[0],0.0033712288123153578,2.14285728361574e-06,11.895262826071757,11.895262826071757,0,"[0, 1, 2]","[[""s"", ""u0"", 0], [""u0"", ""u1"", 0], [""u1"", ""t"", 0]]",1000.0000000000001,493.31540006512057,495.4854904071914,1198.1995334110077,1199.0714115100927,7.791591895462065
reference_near_tie,0.4017704158127724,8,8,100.0,1000.0,1,[0],0.0033712288123153578,2.14285728361574e-06,11.895262826071757,11.895262826071757,1,"[3, 4, 5]","[[""s"", ""l0"", 0], [""l0"", ""l1"", 0], [""l1"", ""t"", 0]]",785.7142857142857,1026.6690468115503,1024.1858308365802,1198.199535553865,1197.2018528390481,5.947631413035855
positive_regret,0.672423449646788,8,8,3000.0,3000.0,0,[1],0.07262940363140413,19.624023868038194,112.19436156757183,112.19436156757138,0,"[0, 1, 2]","[[""s"", ""u0"", 0], [""u0"", ""u1"", 0], [""u1"", ""t"", 0]]",1000.0000000000001,658.5830208168614,613.8386303675372,1442.8466667364764,1412.759489358199,56.09718078378582
positive_regret,0.672423449646788,8,8,3000.0,3000.0,0,[1],0.07262940363140413,19.624023868038194,112.19436156757183,112.19436156757138,1,"[3, 4, 5]","[[""s"", ""l0"", 0], [""l0"", ""l1"", 0], [""l1"", ""t"", 0]]",785.7142857142857,948.0757363370125,968.2432253816896,1423.2226428684382,1436.783735422574,43.87975179848603
