study,boundary,method,nx,step,rms,linf,observed_order,reference
spatial,zero_flux,crank_nicolson,16,0.0625,0.0002892142426116453,0.0004899066493841975,,continuous exact cell average
spatial,zero_flux,crank_nicolson,32,0.03125,7.263972455941065e-05,0.00012441755858394465,1.9933079635982256,continuous exact cell average
spatial,zero_flux,crank_nicolson,64,0.015625,1.8181011820086492e-05,3.122693365509299e-05,1.9983262406659783,continuous exact cell average
spatial,zero_flux,crank_nicolson,128,0.0078125,4.54657160435276e-06,7.814411797868459e-06,1.9995815121922738,continuous exact cell average
temporal,zero_flux,explicit_euler,10,0.006916464564089873,0.00046435543006774504,0.0010574393515678793,,independent dense matrix exponential
temporal,zero_flux,explicit_euler,10,0.0034582322820449363,0.00022829065163856017,0.0005175828951973216,1.024357722267242,independent dense matrix exponential
temporal,zero_flux,explicit_euler,10,0.0017291161410224682,0.00011320709904567496,0.00025617744980421797,1.0119073530728229,independent dense matrix exponential
temporal,zero_flux,explicit_euler,10,0.0008645580705112341,5.637305243194909e-05,0.0001274544019145285,1.0058868379045947,independent dense matrix exponential
temporal,zero_flux,backward_euler,10,0.006916464564089873,0.0004353043600684415,0.0009778738963354128,,independent dense matrix exponential
temporal,zero_flux,backward_euler,10,0.0034582322820449363,0.00022103817618335974,0.0004978168938115646,0.977728906995139,independent dense matrix exponential
temporal,zero_flux,backward_euler,10,0.0017291161410224682,0.00011139463239441793,0.00025124373127427546,0.9886158460582966,independent dense matrix exponential
temporal,zero_flux,backward_euler,10,0.0008645580705112341,5.591997666688046e-05,0.00012622145763663273,0.9942440535285653,independent dense matrix exponential
temporal,zero_flux,crank_nicolson,10,0.006916464564089873,8.597535698993077e-06,1.6341286851684345e-05,,independent dense matrix exponential
temporal,zero_flux,crank_nicolson,10,0.0034582322820449363,2.144960638090782e-06,4.07908847721572e-06,2.0029720279258534,independent dense matrix exponential
temporal,zero_flux,crank_nicolson,10,0.0017291161410224682,5.359645826581779e-07,1.0193801729396768e-06,2.000741599750378,independent dense matrix exponential
temporal,zero_flux,crank_nicolson,10,0.0008645580705112341,1.339739350778287e-07,2.5482051291270125e-07,2.000185319878777,independent dense matrix exponential
temporal,periodic,explicit_euler,10,0.006916464564089873,0.0025427662501901517,0.0045495032865068286,,independent dense matrix exponential
temporal,periodic,explicit_euler,10,0.0034582322820449363,0.0012394496821098032,0.002219909163599265,1.036699141385576,independent dense matrix exponential
temporal,periodic,explicit_euler,10,0.0017291161410224682,0.0006120803847214846,0.0010966524201453387,1.0179066634843177,independent dense matrix exponential
temporal,periodic,explicit_euler,10,0.0008645580705112341,0.0003041692366732982,0.0005450540668106019,1.0088468870586782,independent dense matrix exponential
temporal,periodic,backward_euler,10,0.006916464564089873,0.002307488164590805,0.004137763498807345,,independent dense matrix exponential
temporal,periodic,backward_euler,10,0.0034582322820449363,0.0011807732102859436,0.00211693636078647,0.9665913535059093,independent dense matrix exponential
temporal,periodic,backward_euler,10,0.0017291161410224682,0.0005974201519587286,0.001070907860742043,0.982914086566991,independent dense matrix exponential
temporal,periodic,backward_euler,10,0.0008645580705112341,0.0003005047329976095,0.0005386178568594913,0.9913581891395032,independent dense matrix exponential
temporal,periodic,crank_nicolson,10,0.006916464564089873,5.1249072645773196e-05,0.0001003820339866568,,independent dense matrix exponential
temporal,periodic,crank_nicolson,10,0.0034582322820449363,1.2793788362188227e-05,2.505191778978677e-05,2.002082376046153,independent dense matrix exponential
temporal,periodic,crank_nicolson,10,0.0017291161410224682,3.1972933344841967e-06,6.26026877859065e-06,2.0005205083564133,independent dense matrix exponential
temporal,periodic,crank_nicolson,10,0.0008645580705112341,7.992512448616478e-07,1.5648979956317532e-06,2.0001301185408082,independent dense matrix exponential
